{
  "portfolio\\script.js": 1776782710.7513313,
  "implementation_plan.md": 1776782556.5447497,
  "README.md": 1776788894.0539386,
  "portfolio\\index.html": 1776782653.1968699,
  "portfolio\\assets\\failure_to_success.png": 1776782612.9517128
}